City,pi_h,mu_h,sigma_h,gamma_h,delta_h,K_v,eta_s,beta_h,beta_v,theta_v,Eh0,Ih0,Rh0,Iv0,Nh0,Nv0,mu_l,mu_v,b_v
A,400,0.00004,0.099945205,0.0023,0.0003454,2000,1,0.24,0.5,0.13,0,5000,0,20,1000,2000,0.104190132,0.05,1
B,650,0.000036,0.05,0.0023,0.0000005,2584,0.9,0.55,0.6,0.13,0,11550,10,50,5000,7500,0.104190132,0.05,1
C,400,0.000039,0.07,0.0023,4.50E-10,3200,0.5,0.05,0.5,0.13,0,1800,0,90,1000,15000,0.104190132,0.05,1
D,30,0.0032,0.027,0.007,3.45E-04,3200,0,0.05,0.5,0.13,0,25000,0,9000,1000,15000,0.104190132,0.05,1
E,30,0.0032,0.027,0.007,3.45E-04,3200,0,0.05,0.5,0.13,0,8920,0,9000,1000,15000,0.104190132,0.05,1
